{
    "Subjects": [
        {
            "Name": "Subject00002",
            "Path": "../fakepath/subjects",
            "Flag_watershed": 0,
            "Flag_ROQS": 0,
            "Mask_roqs": [],
            "Mask_watershed": [],
            "Segmentation": {
                "ROQS": [0.75123, 0.000367, 0.001649, 0.000794],
                "Watershed": [0.627737, 0.000584, 0.00169, 0.000953]
            }
        },
        {
            "Name": "Subject00003",
            "Path": "../fakepath/subjects",
            "Flag_watershed": 1,
            "Flag_ROQS": 0,
            "Mask_roqs": [],
            "Mask_watershed": [],
            "Segmentation": {
                "ROQS": [0.683594, 0.000471, 0.001719, 0.000887],
                "Watershed": [0.558148, 0.000708, 0.001756, 0.001057]
            }
        },
        {
            "Name": "Subject00004",
            "Path": "../fakepath/subjects",
            "Flag_watershed": 0,
            "Flag_ROQS": 1,
            "Mask_roqs": [],
            "Mask_watershed": [],
            "Segmentation": {
                "ROQS": [0.759836, 0.000332, 0.001539, 0.000735],
                "Watershed": [0.662261, 0.000514, 0.00159, 0.000873]
            }
        },
        {
            "Name": "Subject00005",
            "Path": "../fakepath/subjects",
            "Flag_watershed": 1,
            "Flag_ROQS": 1,
            "Mask_roqs": [],
            "Mask_watershed": [],
            "Segmentation": {
                "ROQS": [0.754661, 0.000362, 0.001667, 0.000797],
                "Watershed": [0.661749, 0.000561, 0.001742, 0.000955]
            }
        }
    ]
}